Hour,AvgPlayers
0,13118.221198156683
1,12121.511520737327
2,12068.04608294931
3,12170.124423963134
4,12074.354838709678
5,11891.293394777267
6,11642.8
7,11559.004761904762
8,11983.214285714286
9,12839.871428571429
10,14648.109523809524
11,17032.9
12,19406.738095238095
13,20951.4
14,21354.685714285715
15,20915.90476190476
16,19935.09523809524
17,20395.866666666665
18,21464.785714285717
19,22073.8
20,21945.885714285716
21,20621.12380952381
22,18163.7
23,15364.70476190476
